{
	"name": "Databend",
	"mounts": [
		"source=${localEnv:HOME}/.cargo/registry,target=/opt/rust/cargo/registry,type=bind,consistency=cached",
		"source=${localEnv:HOME}/.cargo/git,target=/opt/rust/cargo/git,type=bind,consistency=cached",
		"source=${localEnv:HOME},target=/home/builder,type=bind,consistency=cached"
	],
	"dockerFile": "Dockerfile",
	"remoteUser": "builder",
	"updateRemoteUserUID": true,
	"postCreateCommand": "sudo chown -R builder /opt/rust",
	"customizations": {
		"vscode": {
			"extensions": [
				"rust-lang.rust-analyzer",
				"serayuzgur.crates",
				"vadimcn.vscode-lldb"
			],
			"settings": {
				"editor.formatOnSave": true,
				"files.exclude": {
					"**/LICENSE": true
				}
			}
		}
	}
}
